 [{
  "title": "功能菜单",
  "menu": [{
           "vcName": "shopManageVC",
           "title": "店铺管理",
           "imageName": "shop_btn"
           },
           {
           "vcName": "OrderVC",
           "title": "我的订单",
           "imageName": "shop_btn"
           },
           {
           "vcName": "CollectionVC",
           "title": "我的收藏",
           "imageName": "shop_btn"
           },
           {
           "vcName": "SettingVC",
           "title": "设置",
           "imageName": "shop_btn"
           }
           ]
  }, {
  "title": "资讯服务",
  "menu": [{
           "vcName": "collegeVC",
           "title": "一诺学院",
           "imageName": "shop_btn"
           },
           {
           "vcName": "MessageVC",
           "title": "消息中心",
           "imageName": "shop_btn"
           },
           {
           "vcName": "HelpVC",
           "title": "帮助中心",
           "imageName": "shop_btn"
           }
           ]
  }]
